icd11_code,clinical_title,plain_en,plain_sw,synonyms,abbreviations,body_system,is_notifiable,sensitivity,review_status
1F41.0,Plasmodium falciparum malaria,You had malaria confirmed by a blood test,Ulikuwa na malaria iliyothibitishwa na kipimo cha damu,malaria|falciparum|homa ya malaria|slide positive malaria,MPS+|BS+,infectious,false,TIER_2_GENERAL,NEEDS_CLINICAL_REVIEW
1F40.Z,"Malaria, unspecified",You had malaria,Ulikuwa na malaria,malaria|homa ya malaria|clinical malaria,,infectious,false,TIER_2_GENERAL,NEEDS_CLINICAL_REVIEW
1F41.3,Severe malaria,You had severe malaria and needed close care,Ulikuwa na malaria kali iliyohitaji uangalizi wa karibu,severe malaria|complicated malaria|cerebral malaria,,infectious,false,TIER_2_GENERAL,NEEDS_CLINICAL_REVIEW
1F41.1,Plasmodium vivax malaria,You had malaria caused by a less common parasite,Ulikuwa na malaria ya vimelea vya nadra,vivax malaria,,infectious,false,TIER_2_GENERAL,NEEDS_CLINICAL_REVIEW
CA07.Z,"Upper respiratory tract infection, unspecified",You had an infection of the nose and throat,Ulikuwa na maambukizi ya pua na koo,common cold|flu|throat infection|mafua,URTI|URI,respiratory,false,TIER_2_GENERAL,NEEDS_CLINICAL_REVIEW
CA40.Z,"Pneumonia, organism unspecified",You had an infection in your lungs,Ulikuwa na maambukizi kwenye mapafu,pneumonia|chest infection|nimonia,PN,respiratory,false,TIER_2_GENERAL,NEEDS_CLINICAL_REVIEW
CA23.Z,"Bronchitis, unspecified",The airways in your chest were inflamed,Mirija ya hewa kifuani ilivimba,bronchitis|chest cough,,respiratory,false,TIER_2_GENERAL,NEEDS_CLINICAL_REVIEW
CA22.Z,Chronic obstructive pulmonary disease,A long-term condition that makes breathing harder,Ugonjwa wa muda mrefu unaofanya kupumua kuwa vigumu,COPD|emphysema|chronic bronchitis,COPD,respiratory,false,TIER_2_GENERAL,NEEDS_CLINICAL_REVIEW
CA23.0,Asthma,A condition where your airways tighten and make breathing hard,Hali ambapo mirija ya hewa hubana na kufanya kupumua kuwa vigumu,asthma|pumu,,respiratory,false,TIER_2_GENERAL,NEEDS_CLINICAL_REVIEW
CA0A.Z,Acute tonsillitis,Your tonsils were infected and swollen,Tonsili zako zilikuwa na maambukizi na kuvimba,tonsillitis|sore throat,,respiratory,false,TIER_2_GENERAL,NEEDS_CLINICAL_REVIEW
1B10.Z,Tuberculosis of lung,You had tuberculosis affecting your lungs,Ulikuwa na kifua kikuu kilichoathiri mapafu,tuberculosis|TB|kifua kikuu|PTB,TB|PTB,infectious,true,TIER_2_GENERAL,NEEDS_CLINICAL_REVIEW
1A00,Cholera,You had cholera a severe infection causing watery diarrhoea,Ulikuwa na kipindupindu maambukizi makali yanayosababisha kuhara maji,cholera|kipindupindu,,infectious,true,TIER_2_GENERAL,NEEDS_CLINICAL_REVIEW
1F00.Z,Amoebiasis,You had an infection of the gut caused by a parasite,Ulikuwa na maambukizi ya tumbo yanayosababishwa na vimelea,amoebiasis|amoeba|amoebic dysentery,,digestive,false,TIER_2_GENERAL,NEEDS_CLINICAL_REVIEW
1A40.Z,Gastroenteritis,Your stomach and gut were infected causing vomiting and diarrhoea,Tumbo lako lilikuwa na maambukizi yaliyosababisha kutapika na kuhara,gastroenteritis|diarrhoea|kuhara|stomach upset|AGE,AGE|GE,digestive,false,TIER_2_GENERAL,NEEDS_CLINICAL_REVIEW
1A09.Z,Typhoid fever,You had typhoid a fever caused by contaminated food or water,Ulikuwa na homa ya matumbo inayosababishwa na chakula au maji machafu,typhoid|homa ya matumbo|enteric fever,,infectious,true,TIER_2_GENERAL,NEEDS_CLINICAL_REVIEW
1D40,Measles,You had measles,Ulikuwa na surua,measles|surua,,infectious,true,TIER_2_GENERAL,NEEDS_CLINICAL_REVIEW
GC08.Z,"Urinary tract infection, site unspecified",You had an infection in your urinary system,Ulikuwa na maambukizi kwenye mfumo wa mkojo,UTI|urine infection|bladder infection,UTI,genitourinary,false,TIER_2_GENERAL,NEEDS_CLINICAL_REVIEW
EA80.Z,"Dermatitis, unspecified",Your skin was inflamed and irritated,Ngozi yako ilivimba na kuwashwa,dermatitis|eczema|skin rash|upele,,skin,false,TIER_2_GENERAL,NEEDS_CLINICAL_REVIEW
1F28.Z,Dermatophytosis,You had a fungal infection of the skin,Ulikuwa na maambukizi ya fangasi kwenye ngozi,ringworm|fungal skin infection|tinea,,skin,false,TIER_2_GENERAL,NEEDS_CLINICAL_REVIEW
1B70.Z,Bacterial skin infection,You had a bacterial infection of the skin,Ulikuwa na maambukizi ya bakteria kwenye ngozi,cellulitis|skin infection|abscess,,skin,false,TIER_2_GENERAL,NEEDS_CLINICAL_REVIEW
EA00.Z,Scabies,You had scabies a skin condition caused by tiny mites,Ulikuwa na upele unaosababishwa na wadudu wadogo,scabies|upele,,skin,false,TIER_2_GENERAL,NEEDS_CLINICAL_REVIEW
5A11,Type 2 diabetes mellitus,A long-term condition where your blood sugar is too high,Ugonjwa wa muda mrefu ambapo sukari kwenye damu iko juu sana,diabetes|type 2 diabetes|sugar|kisukari|DM,DM|T2DM,endocrine,false,TIER_2_GENERAL,NEEDS_CLINICAL_REVIEW
5A10,Type 1 diabetes mellitus,A long-term condition where your body makes no insulin,Ugonjwa wa muda mrefu ambapo mwili hautengenezi insulini,type 1 diabetes|insulin dependent diabetes,T1DM,endocrine,false,TIER_2_GENERAL,NEEDS_CLINICAL_REVIEW
BA00.Z,Essential hypertension,Your blood pressure is higher than it should be,Shinikizo la damu liko juu kuliko inavyotakiwa,hypertension|high blood pressure|pressure|BP|shinikizo la damu,HTN|BP,circulatory,false,TIER_2_GENERAL,NEEDS_CLINICAL_REVIEW
BA41.Z,Ischaemic heart disease,The blood supply to your heart muscle is reduced,Damu inayofika kwenye moyo imepungua,heart disease|angina|coronary artery disease,IHD|CAD,circulatory,false,TIER_2_GENERAL,NEEDS_CLINICAL_REVIEW
8B20.Z,Stroke,Blood flow to part of your brain was interrupted,Damu iliyokuwa inaenda kwenye ubongo ilizuiwa,stroke|CVA|cerebrovascular accident,CVA,nervous,false,TIER_2_GENERAL,NEEDS_CLINICAL_REVIEW
BD10,Heart failure,Your heart is not pumping as strongly as it should,Moyo wako hausukumi damu kwa nguvu inavyotakiwa,heart failure|congestive cardiac failure,CCF|CHF,circulatory,false,TIER_2_GENERAL,NEEDS_CLINICAL_REVIEW
FA20.Z,Osteoarthritis,Wear and tear in your joints causing pain and stiffness,Kuchakaa kwa viungo kunakosababisha maumivu na ugumu,arthritis|joint pain|osteoarthritis,OA,musculoskeletal,false,TIER_2_GENERAL,NEEDS_CLINICAL_REVIEW
FA30.Z,Rheumatoid arthritis,A condition where your immune system attacks your joints,Hali ambapo kinga ya mwili hushambulia viungo,rheumatoid arthritis,RA,musculoskeletal,false,TIER_2_GENERAL,NEEDS_CLINICAL_REVIEW
ME84.2,Low back pain,You had pain in your lower back,Ulikuwa na maumivu ya mgongo wa chini,back pain|lumbago|LBP,LBP,musculoskeletal,false,TIER_2_GENERAL,NEEDS_CLINICAL_REVIEW
9A60.Z,Conjunctivitis,The surface of your eye was inflamed,Uso wa jicho lako ulivimba,conjunctivitis|red eye|pink eye|eye infection,,eye,false,TIER_2_GENERAL,NEEDS_CLINICAL_REVIEW
9B10.Z,Cataract,The lens of your eye has become cloudy,Lenzi ya jicho lako imekuwa na ukungu,cataract|mtoto wa jicho,,eye,false,TIER_2_GENERAL,NEEDS_CLINICAL_REVIEW
AA0Z,Otitis media,You had an infection in your middle ear,Ulikuwa na maambukizi kwenye sikio la kati,ear infection|otitis media,OM|AOM|CSOM,ear,false,TIER_2_GENERAL,NEEDS_CLINICAL_REVIEW
3A00.Z,Iron deficiency anaemia,You had too few healthy red blood cells due to low iron,Ulikuwa na chembechembe nyekundu chache kwa sababu ya chuma kidogo,anaemia|anemia|low blood|iron deficiency,IDA,blood,false,TIER_2_GENERAL,NEEDS_CLINICAL_REVIEW
5B50.Z,Undernutrition,Your body was not getting enough nutrients,Mwili wako haukupata virutubisho vya kutosha,malnutrition|undernutrition|underweight,SAM|MAM,nutrition,false,TIER_2_GENERAL,NEEDS_CLINICAL_REVIEW
DA60.Z,Peptic ulcer,You had a sore in the lining of your stomach or gut,Ulikuwa na kidonda kwenye ukuta wa tumbo,peptic ulcer|stomach ulcer|PUD|gastritis,PUD,digestive,false,TIER_2_GENERAL,NEEDS_CLINICAL_REVIEW
DA42.Z,Gastritis,The lining of your stomach was inflamed,Ukuta wa tumbo lako ulivimba,gastritis|stomach inflammation,,digestive,false,TIER_2_GENERAL,NEEDS_CLINICAL_REVIEW
JA20,Pregnancy,You are pregnant,Una mimba,pregnancy|antenatal|ANC|mimba,ANC,pregnancy,false,TIER_2_GENERAL,NEEDS_CLINICAL_REVIEW
JA65.Z,Pre-eclampsia,High blood pressure that developed during pregnancy,Shinikizo la damu lililojitokeza wakati wa ujauzito,pre-eclampsia|PET|pregnancy induced hypertension,PET|PIH,pregnancy,false,TIER_2_GENERAL,NEEDS_CLINICAL_REVIEW
KA20.Z,Neonatal jaundice,Your baby's skin and eyes looked yellow,Ngozi na macho ya mtoto yalionekana ya njano,neonatal jaundice|newborn jaundice,NNJ,neonatal,false,TIER_2_GENERAL,NEEDS_CLINICAL_REVIEW
MG30.Z,"Fever, unspecified",You had a fever with no cause identified yet,Ulikuwa na homa bila sababu iliyotambuliwa,fever|pyrexia|homa|PUO,PUO,general,false,TIER_2_GENERAL,NEEDS_CLINICAL_REVIEW
MD11,Headache,You had a headache,Ulikuwa na maumivu ya kichwa,headache|maumivu ya kichwa,,nervous,false,TIER_2_GENERAL,NEEDS_CLINICAL_REVIEW
8A80.Z,Epilepsy,A condition that causes repeated seizures,Hali inayosababisha kifafa mara kwa mara,epilepsy|seizures|fits|kifafa,,nervous,false,TIER_2_GENERAL,NEEDS_CLINICAL_REVIEW
1C62.Z,HIV disease,You are living with HIV,Unaishi na virusi vya HIV,HIV|human immunodeficiency virus,HIV,infectious,false,TIER_3_RESTRICTED,NEEDS_CLINICAL_REVIEW
6A70.Z,Depressive episode,You have been experiencing low mood affecting daily life,Umekuwa ukihisi huzuni inayoathiri maisha ya kila siku,depression|low mood,MDD,mental_health,false,TIER_3_RESTRICTED,NEEDS_CLINICAL_REVIEW
6A80.Z,Anxiety disorder,You have been experiencing excessive worry,Umekuwa ukiwa na wasiwasi mkubwa,anxiety|anxiety disorder,GAD,mental_health,false,TIER_3_RESTRICTED,NEEDS_CLINICAL_REVIEW
6C40.Z,Alcohol use disorder,Alcohol use has been affecting your health,Matumizi ya pombe yameathiri afya yako,alcohol use disorder|alcoholism,AUD,mental_health,false,TIER_3_RESTRICTED,NEEDS_CLINICAL_REVIEW
NA0Z,"Injury, unspecified",You had an injury,Ulipata jeraha,injury|trauma|wound|jeraha,,injury,false,TIER_2_GENERAL,NEEDS_CLINICAL_REVIEW
NE61,Road traffic injury,You were injured in a road accident,Ulijeruhiwa katika ajali ya barabarani,road traffic accident|RTA|motor vehicle accident,RTA|MVA,injury,false,TIER_2_GENERAL,NEEDS_CLINICAL_REVIEW
1F57.Z,Intestinal worms,You had worms in your gut,Ulikuwa na minyoo tumboni,worms|helminths|intestinal worms|minyoo,,digestive,false,TIER_2_GENERAL,NEEDS_CLINICAL_REVIEW
1F40.0,Malaria in pregnancy,You had malaria while pregnant,Ulikuwa na malaria ukiwa mjamzito,malaria in pregnancy|MIP|malaria ya mimba,MIP,infectious,false,TIER_2_GENERAL,NEEDS_CLINICAL_REVIEW
1F45.0,Cerebral malaria,Malaria affected your brain and you needed urgent care,Malaria iliathiri ubongo na ulihitaji matibabu ya haraka,cerebral malaria|malaria kali ya ubongo,,infectious,false,TIER_2_GENERAL,NEEDS_CLINICAL_REVIEW
1B11,Tuberculosis of nervous system,You had tuberculosis affecting your brain or spinal cord,Ulikuwa na kifua kikuu kilichoathiri ubongo au uti wa mgongo,TB meningitis|tuberculous meningitis|kifua kikuu cha ubongo,TBM,infectious,true,TIER_2_GENERAL,NEEDS_CLINICAL_REVIEW
1B12,Tuberculosis of other organs,You had tuberculosis outside your lungs,Ulikuwa na kifua kikuu nje ya mapafu,extrapulmonary TB|EPTB|TB lymph node|TB spine,EPTB,infectious,true,TIER_2_GENERAL,NEEDS_CLINICAL_REVIEW
1B13,Miliary tuberculosis,Tuberculosis had spread widely through your body,Kifua kikuu kilikuwa kimeenea mwili mzima,miliary TB|disseminated TB,,infectious,true,TIER_2_GENERAL,NEEDS_CLINICAL_REVIEW
1B10.0,Multidrug-resistant tuberculosis,You had tuberculosis that does not respond to the usual medicines,Ulikuwa na kifua kikuu ambacho hakitibiki kwa dawa za kawaida,MDR TB|drug resistant TB|multidrug resistant tuberculosis,MDR-TB,infectious,true,TIER_2_GENERAL,NEEDS_CLINICAL_REVIEW
1B10.1,Tuberculosis with pleural effusion,Tuberculosis caused fluid to collect around your lung,Kifua kikuu kilisababisha maji kujikusanya kando ya pafu,TB pleural effusion|pleural TB,,infectious,true,TIER_2_GENERAL,NEEDS_CLINICAL_REVIEW
1B14,Latent tuberculosis infection,You carry tuberculosis germs but are not sick from them,Una vijidudu vya kifua kikuu lakini hujaugua,latent TB|LTBI|TB infection,LTBI,infectious,false,TIER_2_GENERAL,NEEDS_CLINICAL_REVIEW
1C62.0,HIV disease clinical stage 1,You are living with HIV and have no symptoms at present,Unaishi na virusi vya HIV na kwa sasa huna dalili,HIV stage 1|asymptomatic HIV,,infectious,false,TIER_3_RESTRICTED,NEEDS_CLINICAL_REVIEW
1C62.1,HIV disease clinical stage 2,You are living with HIV and have had mild related illness,Unaishi na virusi vya HIV na umepata magonjwa madogo yanayohusiana,HIV stage 2,,infectious,false,TIER_3_RESTRICTED,NEEDS_CLINICAL_REVIEW
1C62.2,HIV disease clinical stage 3,You are living with HIV and have had serious related illness,Unaishi na virusi vya HIV na umepata magonjwa makubwa yanayohusiana,HIV stage 3|advanced HIV,,infectious,false,TIER_3_RESTRICTED,NEEDS_CLINICAL_REVIEW
1C62.3,HIV disease clinical stage 4,You are living with HIV at an advanced stage,Unaishi na virusi vya HIV katika hatua ya juu,HIV stage 4|AIDS|ukimwi,AIDS,infectious,false,TIER_3_RESTRICTED,NEEDS_CLINICAL_REVIEW
1C62.4,HIV disease with tuberculosis,You are living with HIV and also had tuberculosis,Unaishi na virusi vya HIV na pia ulikuwa na kifua kikuu,HIV TB coinfection|TB HIV,,infectious,true,TIER_3_RESTRICTED,NEEDS_CLINICAL_REVIEW
1F27.1,Oral candidiasis,A fungal infection caused white patches in your mouth,Maambukizi ya fangasi yalisababisha madoa meupe mdomoni,oral thrush|candidiasis|fangasi mdomoni,,infectious,false,TIER_2_GENERAL,NEEDS_CLINICAL_REVIEW
1F62.0,Pneumocystis pneumonia,A special type of lung infection linked to low immunity,Maambukizi maalum ya mapafu yanayohusiana na kinga dhaifu,PCP|pneumocystis pneumonia|PJP,PCP|PJP,infectious,false,TIER_3_RESTRICTED,NEEDS_CLINICAL_REVIEW
1D80,Herpes zoster,You had shingles a painful blistering rash,Ulikuwa na mkanda wa jeshi upele wenye maumivu na malengelenge,shingles|herpes zoster|mkanda wa jeshi,,infectious,false,TIER_2_GENERAL,NEEDS_CLINICAL_REVIEW
1E50.1,Chronic hepatitis B,You have a long-term liver infection caused by hepatitis B,Una maambukizi ya muda mrefu ya ini yanayosababishwa na hepatitis B,hepatitis B|HBV|chronic hep B,HBV,digestive,false,TIER_2_GENERAL,NEEDS_CLINICAL_REVIEW
1C1G,Meningococcal meningitis,You had meningitis caused by the meningococcus germ,Ulikuwa na homa ya uti wa mgongo inayosababishwa na bakteria ya meningokokasi,meningococcal meningitis|meningococcus,,infectious,true,TIER_2_GENERAL,NEEDS_CLINICAL_REVIEW
1C12,Brucellosis,You had brucellosis an infection from unboiled milk or animals,Ulikuwa na brucella maambukizi kutoka maziwa yasiyochemshwa au wanyama,brucellosis|brucella|undulant fever,,infectious,false,TIER_2_GENERAL,NEEDS_CLINICAL_REVIEW
1C13,Anthrax,You had anthrax an infection caught from animals,Ulikuwa na kimeta maambukizi yanayotoka kwa wanyama,anthrax|kimeta,,infectious,true,TIER_2_GENERAL,NEEDS_CLINICAL_REVIEW
1C14,Tetanus,You had tetanus a serious infection causing muscle stiffness,Ulikuwa na pepopunda maambukizi makali yanayosababisha misuli kukakamaa,tetanus|pepopunda|lockjaw,,infectious,false,TIER_2_GENERAL,NEEDS_CLINICAL_REVIEW
KA61,Neonatal tetanus,Your newborn had tetanus a serious infection,Mtoto mchanga alikuwa na pepopunda maambukizi makali,neonatal tetanus|pepopunda ya mtoto mchanga,NNT,neonatal,true,TIER_2_GENERAL,NEEDS_CLINICAL_REVIEW
1C82,Rabies,You were treated for possible rabies after an animal bite,Ulitibiwa kwa uwezekano wa kichaa cha mbwa baada ya kuumwa na mnyama,rabies|kichaa cha mbwa|dog bite exposure,,infectious,true,TIER_2_GENERAL,NEEDS_CLINICAL_REVIEW
1D47,Yellow fever,You had yellow fever a virus spread by mosquitoes,Ulikuwa na homa ya manjano virusi vinavyoenezwa na mbu,yellow fever|homa ya manjano,,infectious,true,TIER_2_GENERAL,NEEDS_CLINICAL_REVIEW
1D2Z,Dengue fever,You had dengue a fever spread by mosquitoes,Ulikuwa na dengue homa inayoenezwa na mbu,dengue|dengue fever|breakbone fever,,infectious,true,TIER_2_GENERAL,NEEDS_CLINICAL_REVIEW
1D40.0,Chikungunya,You had chikungunya a virus spread by mosquitoes causing joint pain,Ulikuwa na chikungunya virusi vinavyoenezwa na mbu na kusababisha maumivu ya viungo,chikungunya,,infectious,true,TIER_2_GENERAL,NEEDS_CLINICAL_REVIEW
1D61,Viral haemorrhagic fever,You had a serious viral illness causing fever and bleeding,Ulikuwa na ugonjwa mkali wa virusi unaosababisha homa na kuvuja damu,viral haemorrhagic fever|VHF|ebola|marburg,VHF,infectious,true,TIER_2_GENERAL,NEEDS_CLINICAL_REVIEW
1D6Z,COVID-19,You had COVID-19,Ulikuwa na COVID-19,covid|covid 19|coronavirus|SARS-CoV-2,COVID,respiratory,true,TIER_2_GENERAL,NEEDS_CLINICAL_REVIEW
1E32,Poliomyelitis,You had polio which can cause sudden weakness of a limb,Ulikuwa na polio inayoweza kusababisha kiungo kudhoofika ghafla,polio|poliomyelitis|acute flaccid paralysis|AFP,AFP,infectious,true,TIER_2_GENERAL,NEEDS_CLINICAL_REVIEW
1F86,Schistosomiasis,You had bilharzia a worm infection from fresh water,Ulikuwa na kichocho maambukizi ya minyoo kutoka maji baridi,bilharzia|schistosomiasis|kichocho,,infectious,true,TIER_2_GENERAL,NEEDS_CLINICAL_REVIEW
1F51,Visceral leishmaniasis,You had kala-azar an infection spread by sandflies,Ulikuwa na kala-azar maambukizi yanayoenezwa na nzi wa mchanga,kala azar|visceral leishmaniasis|kalaazar,VL,infectious,false,TIER_2_GENERAL,NEEDS_CLINICAL_REVIEW
1A03,Shigellosis,You had dysentery caused by shigella bacteria,Ulikuwa na kuhara damu kunakosababishwa na bakteria ya shigella,shigella|bacillary dysentery|bloody diarrhoea,,digestive,false,TIER_2_GENERAL,NEEDS_CLINICAL_REVIEW
1F57.0,Ascariasis,You had roundworms in your gut,Ulikuwa na minyoo mirefu tumboni,roundworm|ascaris|ascariasis,,digestive,false,TIER_2_GENERAL,NEEDS_CLINICAL_REVIEW
1F57.1,Hookworm disease,You had hookworms which can cause low blood,Ulikuwa na minyoo ya hookworm inayoweza kusababisha upungufu wa damu,hookworm|ankylostomiasis,,digestive,false,TIER_2_GENERAL,NEEDS_CLINICAL_REVIEW
1G40,Sepsis,An infection spread into your bloodstream and made you very unwell,Maambukizi yalienea kwenye damu na kukufanya uwe mgonjwa sana,sepsis|septicaemia|blood infection|septic shock,,infectious,false,TIER_2_GENERAL,NEEDS_CLINICAL_REVIEW
1F28.0,Tinea capitis,You had a fungal infection of the scalp,Ulikuwa na maambukizi ya fangasi kwenye kichwa,tinea capitis|scalp ringworm,,skin,false,TIER_2_GENERAL,NEEDS_CLINICAL_REVIEW
1B72,Impetigo,You had a crusty skin infection that spreads easily,Ulikuwa na maambukizi ya ngozi yenye maganda yanayosambaa kwa urahisi,impetigo|school sores,,skin,false,TIER_2_GENERAL,NEEDS_CLINICAL_REVIEW
1B73,Cellulitis,The deeper layers of your skin were infected and swollen,Tabaka za ndani za ngozi zilipata maambukizi na kuvimba,cellulitis|skin infection|erysipelas,,skin,false,TIER_2_GENERAL,NEEDS_CLINICAL_REVIEW
1B74,Cutaneous abscess,You had a pocket of pus under the skin,Ulikuwa na jipu lenye usaha chini ya ngozi,abscess|boil|jipu,,skin,false,TIER_2_GENERAL,NEEDS_CLINICAL_REVIEW
FB84,Osteomyelitis,You had an infection in a bone,Ulikuwa na maambukizi kwenye mfupa,osteomyelitis|bone infection,,musculoskeletal,false,TIER_2_GENERAL,NEEDS_CLINICAL_REVIEW
FA10,Septic arthritis,You had an infection inside a joint,Ulikuwa na maambukizi ndani ya kiungo,septic arthritis|joint infection,,musculoskeletal,false,TIER_2_GENERAL,NEEDS_CLINICAL_REVIEW
CA41,Bronchiolitis,Your baby had a viral infection of the small airways,Mtoto alikuwa na maambukizi ya virusi kwenye mirija midogo ya hewa,bronchiolitis|RSV,RSV,respiratory,false,TIER_2_GENERAL,NEEDS_CLINICAL_REVIEW
CA05,Sinusitis,The air spaces in your face were inflamed and blocked,Vibafu vya hewa usoni vilivimba na kuziba,sinusitis|sinus infection,,respiratory,false,TIER_2_GENERAL,NEEDS_CLINICAL_REVIEW
CA02,Pharyngitis,Your throat was inflamed and sore,Koo lako lilivimba na kuuma,pharyngitis|sore throat|koo kuuma,,respiratory,false,TIER_2_GENERAL,NEEDS_CLINICAL_REVIEW
1E30,Influenza,You had flu caused by the influenza virus,Ulikuwa na mafua yanayosababishwa na virusi vya influenza,influenza|flu|mafua makali,,respiratory,false,TIER_2_GENERAL,NEEDS_CLINICAL_REVIEW
1C1B,Pertussis,Your child had whooping cough,Mtoto alikuwa na kifaduro,whooping cough|pertussis|kifaduro,,respiratory,false,TIER_2_GENERAL,NEEDS_CLINICAL_REVIEW
1C0Z,Diphtheria,You had diphtheria a throat infection that can block breathing,Ulikuwa na dondakoo maambukizi ya koo yanayoweza kuziba upumuaji,diphtheria|dondakoo,,respiratory,false,TIER_2_GENERAL,NEEDS_CLINICAL_REVIEW
CB27,Pleural effusion,Fluid collected around your lung,Maji yalijikusanya kando ya pafu,pleural effusion|water in the lung,,respiratory,false,TIER_2_GENERAL,NEEDS_CLINICAL_REVIEW
CB21,Pneumothorax,Air leaked around your lung and made it collapse,Hewa ilivuja kando ya pafu na kulifanya lisinyae,pneumothorax|collapsed lung,,respiratory,false,TIER_2_GENERAL,NEEDS_CLINICAL_REVIEW
QA40,Antenatal care visit,You came for a routine pregnancy check-up,Ulikuja kwa uchunguzi wa kawaida wa ujauzito,antenatal visit|ANC visit|clinic ya mimba,ANC,pregnancy,false,TIER_2_GENERAL,NEEDS_CLINICAL_REVIEW
QA46,Postnatal care visit,You came for a check-up after giving birth,Ulikuja kwa uchunguzi baada ya kujifungua,postnatal visit|PNC|baada ya kujifungua,PNC,pregnancy,false,TIER_2_GENERAL,NEEDS_CLINICAL_REVIEW
JA66,Eclampsia,High blood pressure in pregnancy caused fits,Shinikizo la damu la ujauzito lilisababisha kifafa,eclampsia|fits in pregnancy,,pregnancy,false,TIER_2_GENERAL,NEEDS_CLINICAL_REVIEW
JA65.0,Severe pre-eclampsia,You had dangerously high blood pressure during pregnancy,Ulikuwa na shinikizo la damu hatari wakati wa ujauzito,severe pre-eclampsia|severe PET,,pregnancy,false,TIER_2_GENERAL,NEEDS_CLINICAL_REVIEW
JA63,Gestational hypertension,Your blood pressure rose during pregnancy,Shinikizo la damu lilipanda wakati wa ujauzito,pregnancy induced hypertension|gestational hypertension,PIH,pregnancy,false,TIER_2_GENERAL,NEEDS_CLINICAL_REVIEW
JA64,Gestational diabetes mellitus,Your blood sugar rose during pregnancy,Sukari kwenye damu ilipanda wakati wa ujauzito,gestational diabetes|kisukari cha mimba,GDM,pregnancy,false,TIER_2_GENERAL,NEEDS_CLINICAL_REVIEW
JB03,Anaemia in pregnancy,You had low blood levels while pregnant,Ulikuwa na damu kidogo ukiwa mjamzito,anaemia in pregnancy|upungufu wa damu ujauzito,,pregnancy,false,TIER_2_GENERAL,NEEDS_CLINICAL_REVIEW
JB0Z,Obstructed labour,Your baby could not pass through the birth canal normally,Mtoto hakuweza kupita njia ya kuzaliwa kwa kawaida,obstructed labour|prolonged labour|CPD,CPD,pregnancy,false,TIER_2_GENERAL,NEEDS_CLINICAL_REVIEW
JB40,Postpartum haemorrhage,You bled heavily after giving birth,Ulivuja damu nyingi baada ya kujifungua,postpartum haemorrhage|PPH|bleeding after delivery,PPH,pregnancy,false,TIER_2_GENERAL,NEEDS_CLINICAL_REVIEW
JA86,Placenta praevia,The afterbirth was lying low and covering the birth canal,Kondo la nyuma lilikuwa chini likifunika njia ya kuzaliwa,placenta praevia|low lying placenta,,pregnancy,false,TIER_2_GENERAL,NEEDS_CLINICAL_REVIEW
JA85,Placental abruption,The afterbirth separated from the womb too early,Kondo la nyuma lilijitenga na mji wa mimba mapema mno,placental abruption|abruptio placentae,,pregnancy,false,TIER_2_GENERAL,NEEDS_CLINICAL_REVIEW
JB44,Puerperal sepsis,You had an infection after giving birth,Ulikuwa na maambukizi baada ya kujifungua,puerperal sepsis|postpartum infection|maambukizi baada ya kujifungua,,pregnancy,false,TIER_2_GENERAL,NEEDS_CLINICAL_REVIEW
JA00,Miscarriage,Your pregnancy ended before the baby could survive,Mimba yako iliharibika kabla mtoto hajaweza kuishi,miscarriage|abortion|mimba kuharibika|spontaneous abortion,SAB,pregnancy,false,TIER_3_RESTRICTED,NEEDS_CLINICAL_REVIEW
JA01,Incomplete abortion,Part of the pregnancy remained in the womb and needed removal,Sehemu ya mimba ilibaki tumboni na ilihitaji kutolewa,incomplete abortion|retained products|evacuation,MVA,pregnancy,false,TIER_3_RESTRICTED,NEEDS_CLINICAL_REVIEW
JA02,Ectopic pregnancy,The pregnancy grew outside the womb which is dangerous,Mimba ilikua nje ya mji wa mimba jambo ambalo ni hatari,ectopic pregnancy|mimba nje ya kizazi|tubal pregnancy,,pregnancy,false,TIER_3_RESTRICTED,NEEDS_CLINICAL_REVIEW
JA84,Preterm labour,Labour started before the pregnancy reached full term,Uchungu ulianza kabla ya mimba kutimia,preterm labour|premature labour|uchungu wa mapema,PTL,pregnancy,false,TIER_2_GENERAL,NEEDS_CLINICAL_REVIEW
JB0A,Caesarean delivery,Your baby was born through an operation,Mtoto alizaliwa kwa njia ya upasuaji,caesarean section|c section|upasuaji wa kuzaa,CS|LSCS,pregnancy,false,TIER_2_GENERAL,NEEDS_CLINICAL_REVIEW
JB2Z,Normal vaginal delivery,You gave birth normally,Ulijifungua kwa njia ya kawaida,normal delivery|SVD|vaginal delivery,SVD|NVD,pregnancy,false,TIER_2_GENERAL,NEEDS_CLINICAL_REVIEW
JA82,Intrauterine fetal death,Your baby died in the womb before birth,Mtoto alifariki tumboni kabla ya kuzaliwa,intrauterine fetal death|IUFD|stillbirth,IUFD,pregnancy,true,TIER_3_RESTRICTED,NEEDS_CLINICAL_REVIEW
KB2Z,Stillbirth,Your baby was born without signs of life,Mtoto alizaliwa bila dalili za uhai,stillbirth|mtoto kufa akizaliwa,,neonatal,true,TIER_3_RESTRICTED,NEEDS_CLINICAL_REVIEW
KA21,Birth asphyxia,Your baby did not get enough oxygen around the time of birth,Mtoto hakupata hewa ya kutosha wakati wa kuzaliwa,birth asphyxia|HIE|failure to breathe at birth,HIE,neonatal,false,TIER_2_GENERAL,NEEDS_CLINICAL_REVIEW
KA60,Neonatal sepsis,Your newborn had an infection in the blood,Mtoto mchanga alikuwa na maambukizi kwenye damu,neonatal sepsis|newborn infection,NNS,neonatal,false,TIER_2_GENERAL,NEEDS_CLINICAL_REVIEW
KA62,Neonatal pneumonia,Your newborn had an infection in the lungs,Mtoto mchanga alikuwa na maambukizi kwenye mapafu,neonatal pneumonia,,neonatal,false,TIER_2_GENERAL,NEEDS_CLINICAL_REVIEW
KA40,Preterm birth,Your baby was born before the pregnancy was complete,Mtoto alizaliwa kabla ya mimba kutimia,prematurity|preterm|premature baby|mtoto njiti,,neonatal,false,TIER_2_GENERAL,NEEDS_CLINICAL_REVIEW
KA41,Low birth weight,Your baby weighed less than expected at birth,Mtoto alizaliwa akiwa na uzito mdogo kuliko unavyotarajiwa,low birth weight|LBW|uzito mdogo,LBW,neonatal,false,TIER_2_GENERAL,NEEDS_CLINICAL_REVIEW
KA42,Very low birth weight,Your baby was born very small and needed special care,Mtoto alizaliwa akiwa mdogo sana na alihitaji uangalizi maalum,very low birth weight|VLBW,VLBW,neonatal,false,TIER_2_GENERAL,NEEDS_CLINICAL_REVIEW
KB60,Respiratory distress of newborn,Your newborn had difficulty breathing after birth,Mtoto mchanga alipata shida ya kupumua baada ya kuzaliwa,respiratory distress syndrome|RDS|newborn breathing difficulty,RDS,neonatal,false,TIER_2_GENERAL,NEEDS_CLINICAL_REVIEW
KA20.0,Neonatal jaundice needing phototherapy,Your baby was yellow and needed light treatment,Mtoto alikuwa wa njano na alihitaji matibabu ya mwanga,phototherapy|severe neonatal jaundice,,neonatal,false,TIER_2_GENERAL,NEEDS_CLINICAL_REVIEW
5B50.0,Severe acute malnutrition,Your child was severely underweight and needed feeding treatment,Mtoto alikuwa na utapiamlo mkali na alihitaji matibabu ya lishe,severe acute malnutrition|SAM|utapiamlo mkali,SAM,nutrition,false,TIER_2_GENERAL,NEEDS_CLINICAL_REVIEW
5B50.1,Moderate acute malnutrition,Your child was underweight and needed extra feeding,Mtoto alikuwa na uzito mdogo na alihitaji chakula cha ziada,moderate acute malnutrition|MAM,MAM,nutrition,false,TIER_2_GENERAL,NEEDS_CLINICAL_REVIEW
5B51,Kwashiorkor,Your child had malnutrition with swelling of the body,Mtoto alikuwa na utapiamlo pamoja na kuvimba mwili,kwashiorkor|oedematous malnutrition,,nutrition,false,TIER_2_GENERAL,NEEDS_CLINICAL_REVIEW
5B52,Marasmus,Your child had severe wasting from lack of food,Mtoto alikonda sana kwa ukosefu wa chakula,marasmus|severe wasting,,nutrition,false,TIER_2_GENERAL,NEEDS_CLINICAL_REVIEW
5B53,Stunting,Your child is shorter than expected for their age,Mtoto ni mfupi kuliko inavyotarajiwa kwa umri wake,stunting|kudumaa|chronic malnutrition,,nutrition,false,TIER_2_GENERAL,NEEDS_CLINICAL_REVIEW
1A40.0,Gastroenteritis with some dehydration,Diarrhoea made your child lose some body fluid,Kuhara kulimfanya mtoto apoteze maji mwilini kiasi,some dehydration|diarrhoea with dehydration,,digestive,false,TIER_2_GENERAL,NEEDS_CLINICAL_REVIEW
1A40.1,Gastroenteritis with severe dehydration,Diarrhoea made your child lose a dangerous amount of fluid,Kuhara kulimfanya mtoto apoteze maji mengi kwa hatari,severe dehydration|severe diarrhoea,,digestive,false,TIER_2_GENERAL,NEEDS_CLINICAL_REVIEW
1A40.2,Persistent diarrhoea,Diarrhoea lasted more than two weeks,Kuhara kuliendelea zaidi ya wiki mbili,persistent diarrhoea|chronic diarrhoea,,digestive,false,TIER_2_GENERAL,NEEDS_CLINICAL_REVIEW
QA10,Immunisation visit,You came to have a vaccine given,Ulikuja kupewa chanjo,immunisation|vaccination|chanjo,EPI,general,false,TIER_2_GENERAL,NEEDS_CLINICAL_REVIEW
QA11,Incomplete immunisation status,Some of your child's vaccines are still due,Baadhi ya chanjo za mtoto bado hazijatolewa,defaulter|incomplete immunisation|missed vaccine,,general,false,TIER_2_GENERAL,NEEDS_CLINICAL_REVIEW
QA21,Family planning visit,You came to discuss or receive family planning,Ulikuja kujadili au kupata uzazi wa mpango,family planning|contraception|uzazi wa mpango,FP,genitourinary,false,TIER_3_RESTRICTED,NEEDS_CLINICAL_REVIEW
GA30,Infertility,You have had difficulty becoming pregnant,Umekuwa na ugumu wa kupata mimba,infertility|unable to conceive|kukosa mtoto,,genitourinary,false,TIER_3_RESTRICTED,NEEDS_CLINICAL_REVIEW
GA20,Abnormal uterine bleeding,You had unusual bleeding from the womb,Ulivuja damu isiyo ya kawaida kutoka kwenye mji wa mimba,abnormal uterine bleeding|heavy periods|AUB,AUB,genitourinary,false,TIER_3_RESTRICTED,NEEDS_CLINICAL_REVIEW
GA10,Pelvic inflammatory disease,You had an infection of the womb and tubes,Ulikuwa na maambukizi ya mji wa mimba na mirija,pelvic inflammatory disease|PID,PID,genitourinary,false,TIER_3_RESTRICTED,NEEDS_CLINICAL_REVIEW
GA05,Vaginal candidiasis,You had a yeast infection causing itching and discharge,Ulikuwa na maambukizi ya fangasi yaliyosababisha kuwashwa na majimaji,vaginal thrush|candidiasis|fangasi ukeni,,genitourinary,false,TIER_3_RESTRICTED,NEEDS_CLINICAL_REVIEW
GA02,Bacterial vaginosis,The normal balance of germs in the vagina changed,Uwiano wa kawaida wa vijidudu ukeni ulibadilika,bacterial vaginosis|BV,BV,genitourinary,false,TIER_3_RESTRICTED,NEEDS_CLINICAL_REVIEW
1A91,Trichomoniasis,You had an infection passed on during sex causing discharge,Ulikuwa na maambukizi yaliyoambukizwa kwa ngono yakisababisha majimaji,trichomonas|trichomoniasis,,genitourinary,false,TIER_3_RESTRICTED,NEEDS_CLINICAL_REVIEW
1A94,Gonorrhoea,You had gonorrhoea an infection passed on during sex,Ulikuwa na kisonono maambukizi yanayoambukizwa kwa ngono,gonorrhoea|kisonono|GC|urethral discharge,GC,genitourinary,false,TIER_3_RESTRICTED,NEEDS_CLINICAL_REVIEW
1A95,Chlamydial infection,You had chlamydia an infection passed on during sex,Ulikuwa na klamidia maambukizi yanayoambukizwa kwa ngono,chlamydia|chlamydial infection,,genitourinary,false,TIER_3_RESTRICTED,NEEDS_CLINICAL_REVIEW
1A61,Syphilis,You had syphilis an infection passed on during sex,Ulikuwa na kaswende maambukizi yanayoambukizwa kwa ngono,syphilis|kaswende|VDRL positive,,genitourinary,false,TIER_3_RESTRICTED,NEEDS_CLINICAL_REVIEW
1A93,Genital herpes,You had a viral infection causing sores in the genital area,Ulikuwa na maambukizi ya virusi yaliyosababisha vidonda sehemu za siri,genital herpes|HSV,HSV,genitourinary,false,TIER_3_RESTRICTED,NEEDS_CLINICAL_REVIEW
1A90,Urethral discharge syndrome,You had discharge from the water pipe treated as a sexual infection,Ulikuwa na majimaji kwenye njia ya mkojo yaliyotibiwa kama maambukizi ya ngono,urethral discharge|UDS|male discharge,UDS,genitourinary,false,TIER_3_RESTRICTED,NEEDS_CLINICAL_REVIEW
1A96,Genital ulcer disease,You had sores in the genital area,Ulikuwa na vidonda sehemu za siri,genital ulcer|GUD,GUD,genitourinary,false,TIER_3_RESTRICTED,NEEDS_CLINICAL_REVIEW
QA43,Post-exposure prophylaxis,You were given medicine to prevent infection after an exposure,Ulipewa dawa ya kuzuia maambukizi baada ya kuwa hatarini,PEP|post exposure prophylaxis,PEP,infectious,false,TIER_3_RESTRICTED,NEEDS_CLINICAL_REVIEW
QA44,Pre-exposure prophylaxis,You are taking medicine to prevent HIV infection,Unatumia dawa ya kuzuia maambukizi ya HIV,PrEP|pre exposure prophylaxis,PrEP,infectious,false,TIER_3_RESTRICTED,NEEDS_CLINICAL_REVIEW
QE82,Sexual assault,You were seen after sexual violence,Ulionwa baada ya ukatili wa kingono,sexual assault|rape|defilement|GBV,SGBV,injury,false,TIER_3_RESTRICTED,NEEDS_CLINICAL_REVIEW
QE81,Intimate partner violence,You were harmed by a partner,Ulidhuriwa na mwenzi wako,domestic violence|intimate partner violence|GBV,IPV|GBV,injury,false,TIER_3_RESTRICTED,NEEDS_CLINICAL_REVIEW
QE80,Child maltreatment,A child was harmed or neglected,Mtoto alidhuriwa au kupuuzwa,child abuse|child neglect|maltreatment,,injury,false,TIER_3_RESTRICTED,NEEDS_CLINICAL_REVIEW
QE85,Female genital mutilation,You have had cutting of the genital area,Umefanyiwa ukeketaji sehemu za siri,female genital mutilation|FGM|ukeketaji,FGM,genitourinary,false,TIER_3_RESTRICTED,NEEDS_CLINICAL_REVIEW
BA00.0,Hypertensive urgency,Your blood pressure was dangerously high,Shinikizo la damu lilikuwa juu kwa hatari,hypertensive urgency|very high BP|presha juu sana,,circulatory,false,TIER_2_GENERAL,NEEDS_CLINICAL_REVIEW
BA01,Hypertensive heart disease,Long-standing high blood pressure has strained your heart,Shinikizo la damu la muda mrefu limeulemea moyo,hypertensive heart disease|HHD,HHD,circulatory,false,TIER_2_GENERAL,NEEDS_CLINICAL_REVIEW
BA02,Hypertensive renal disease,Long-standing high blood pressure has damaged your kidneys,Shinikizo la damu la muda mrefu limeharibu figo,hypertensive kidney disease|hypertensive nephropathy,,genitourinary,false,TIER_2_GENERAL,NEEDS_CLINICAL_REVIEW
BA41.0,Acute myocardial infarction,You had a heart attack,Ulipata mshtuko wa moyo,heart attack|myocardial infarction|MI|STEMI,MI|AMI|STEMI,circulatory,false,TIER_2_GENERAL,NEEDS_CLINICAL_REVIEW
BA40,Angina pectoris,You had chest pain because your heart was short of blood,Ulikuwa na maumivu ya kifua kwa sababu moyo ulikosa damu ya kutosha,angina|chest pain of the heart,,circulatory,false,TIER_2_GENERAL,NEEDS_CLINICAL_REVIEW
BC81,Rheumatic heart disease,A childhood infection damaged your heart valves,Maambukizi ya utotoni yaliharibu vali za moyo,rheumatic heart disease|RHD|valve disease,RHD,circulatory,false,TIER_2_GENERAL,NEEDS_CLINICAL_REVIEW
1B40,Acute rheumatic fever,An untreated throat infection caused fever and joint pain,Maambukizi ya koo yasiyotibiwa yalisababisha homa na maumivu ya viungo,rheumatic fever|ARF,ARF,circulatory,false,TIER_2_GENERAL,NEEDS_CLINICAL_REVIEW
BC43,Cardiomyopathy,The muscle of your heart is weakened or enlarged,Misuli ya moyo wako imedhoofika au kupanuka,cardiomyopathy|enlarged heart|DCM,DCM,circulatory,false,TIER_2_GENERAL,NEEDS_CLINICAL_REVIEW
BC71,Atrial fibrillation,Your heart has been beating in an irregular rhythm,Moyo wako umekuwa ukipiga kwa mpigo usio wa kawaida,atrial fibrillation|irregular heartbeat|AF,AF|AFib,circulatory,false,TIER_2_GENERAL,NEEDS_CLINICAL_REVIEW
BD40,Deep vein thrombosis,A blood clot formed in a deep vein in your leg,Damu iliganda kwenye mshipa wa ndani wa mguu,deep vein thrombosis|DVT|blood clot leg,DVT,circulatory,false,TIER_2_GENERAL,NEEDS_CLINICAL_REVIEW
BB00,Pulmonary embolism,A blood clot travelled to your lungs,Damu iliyoganda ilisafiri hadi mapafuni,pulmonary embolism|PE|clot in lung,PE,circulatory,false,TIER_2_GENERAL,NEEDS_CLINICAL_REVIEW
BD54,Peripheral arterial disease,The blood flow to your legs is reduced,Damu inayofika miguuni imepungua,peripheral arterial disease|PAD|poor circulation,PAD,circulatory,false,TIER_2_GENERAL,NEEDS_CLINICAL_REVIEW
8B20.0,Ischaemic stroke,A blocked blood vessel cut off blood to part of your brain,Mshipa uliozibwa ulikata damu kwenda sehemu ya ubongo,ischaemic stroke|brain infarct,CVA,nervous,false,TIER_2_GENERAL,NEEDS_CLINICAL_REVIEW
8B00,Intracerebral haemorrhage,There was bleeding inside your brain,Kulikuwa na kuvuja damu ndani ya ubongo,brain bleed|haemorrhagic stroke|intracerebral haemorrhage,ICH,nervous,false,TIER_2_GENERAL,NEEDS_CLINICAL_REVIEW
8B25,Transient ischaemic attack,You had stroke-like symptoms that passed quickly,Ulipata dalili kama za kiharusi zilizoisha haraka,TIA|mini stroke|transient ischaemic attack,TIA,nervous,false,TIER_2_GENERAL,NEEDS_CLINICAL_REVIEW
5A11.0,Type 2 diabetes with foot ulcer,Diabetes caused a wound on your foot that heals slowly,Kisukari kilisababisha kidonda mguuni kinachopona polepole,diabetic foot|diabetic foot ulcer|kidonda cha kisukari,DFU,endocrine,false,TIER_2_GENERAL,NEEDS_CLINICAL_REVIEW
5A11.1,Type 2 diabetes with nephropathy,Diabetes has affected your kidneys,Kisukari kimeathiri figo zako,diabetic nephropathy|diabetic kidney disease,,endocrine,false,TIER_2_GENERAL,NEEDS_CLINICAL_REVIEW
5A11.2,Type 2 diabetes with retinopathy,Diabetes has affected the back of your eyes,Kisukari kimeathiri sehemu ya nyuma ya macho,diabetic retinopathy|diabetic eye disease,DR,endocrine,false,TIER_2_GENERAL,NEEDS_CLINICAL_REVIEW
5A11.3,Type 2 diabetes with neuropathy,Diabetes has affected the nerves in your feet and hands,Kisukari kimeathiri neva za miguu na mikono,diabetic neuropathy|numbness in feet,,endocrine,false,TIER_2_GENERAL,NEEDS_CLINICAL_REVIEW
5A22,Diabetic ketoacidosis,Very high blood sugar made your blood turn acidic,Sukari juu sana ilifanya damu kuwa na asidi,diabetic ketoacidosis|DKA,DKA,endocrine,false,TIER_2_GENERAL,NEEDS_CLINICAL_REVIEW
5A23,Hyperosmolar hyperglycaemic state,Very high blood sugar caused severe dehydration,Sukari juu sana ilisababisha upungufu mkubwa wa maji mwilini,hyperosmolar state|HHS,HHS,endocrine,false,TIER_2_GENERAL,NEEDS_CLINICAL_REVIEW
5A41,Hypoglycaemia,Your blood sugar dropped too low,Sukari kwenye damu ilishuka chini sana,hypoglycaemia|low blood sugar|sugar imeshuka,,endocrine,false,TIER_2_GENERAL,NEEDS_CLINICAL_REVIEW
5A00,Hypothyroidism,Your thyroid gland is not making enough hormone,Tezi ya shingo haitengenezi homoni ya kutosha,hypothyroidism|underactive thyroid,,endocrine,false,TIER_2_GENERAL,NEEDS_CLINICAL_REVIEW
5A02,Hyperthyroidism,Your thyroid gland is making too much hormone,Tezi ya shingo inatengeneza homoni nyingi kupita kiasi,hyperthyroidism|overactive thyroid|thyrotoxicosis,,endocrine,false,TIER_2_GENERAL,NEEDS_CLINICAL_REVIEW
5A03,Goitre,The gland in your neck became enlarged,Tezi ya shingo ilipanuka,goitre|swollen neck gland|tezi,,endocrine,false,TIER_2_GENERAL,NEEDS_CLINICAL_REVIEW
5B81,Obesity,Your weight is above the healthy range for your height,Uzito wako uko juu ya kiwango cha afya kwa urefu wako,obesity|overweight|unene kupita kiasi,,nutrition,false,TIER_2_GENERAL,NEEDS_CLINICAL_REVIEW
FA25,Gout,Crystals built up in a joint causing sudden severe pain,Chembechembe zilijikusanya kwenye kiungo na kusababisha maumivu makali ghafla,gout|gouty arthritis,,musculoskeletal,false,TIER_2_GENERAL,NEEDS_CLINICAL_REVIEW
GB61,Chronic kidney disease,Your kidneys have been losing function over time,Figo zako zimekuwa zikipoteza uwezo wa kufanya kazi,chronic kidney disease|CKD|renal failure|kidney failure,CKD,genitourinary,false,TIER_2_GENERAL,NEEDS_CLINICAL_REVIEW
GB60,Acute kidney injury,Your kidneys suddenly stopped working properly,Figo zako ziliacha kufanya kazi vizuri ghafla,acute kidney injury|AKI|acute renal failure,AKI,genitourinary,false,TIER_2_GENERAL,NEEDS_CLINICAL_REVIEW
GB40,Nephrotic syndrome,Your kidneys leaked protein causing swelling,Figo zako zilivuja protini na kusababisha kuvimba,nephrotic syndrome|protein in urine with swelling,,genitourinary,false,TIER_2_GENERAL,NEEDS_CLINICAL_REVIEW
GB41,Acute glomerulonephritis,The filters in your kidneys became inflamed,Vichujio vya figo vilivimba,glomerulonephritis|AGN|blood in urine kidney,AGN,genitourinary,false,TIER_2_GENERAL,NEEDS_CLINICAL_REVIEW
GB70,Kidney stones,A hard stone formed in your urinary system,Jiwe gumu liliundwa kwenye mfumo wa mkojo,kidney stones|renal calculi|mawe kwenye figo,,genitourinary,false,TIER_2_GENERAL,NEEDS_CLINICAL_REVIEW
GC08.0,Acute pyelonephritis,An infection reached your kidney,Maambukizi yalifika kwenye figo,pyelonephritis|kidney infection,,genitourinary,false,TIER_2_GENERAL,NEEDS_CLINICAL_REVIEW
GA90,Benign prostatic hyperplasia,Your prostate gland is enlarged and makes passing urine harder,Tezi ya kibofu imepanuka na kufanya kukojoa kuwa vigumu,enlarged prostate|BPH|prostate,BPH,genitourinary,false,TIER_2_GENERAL,NEEDS_CLINICAL_REVIEW
GB05,Urinary retention,You were unable to pass urine,Ulishindwa kukojoa,urinary retention|cannot pass urine|kushindwa kukojoa,,genitourinary,false,TIER_2_GENERAL,NEEDS_CLINICAL_REVIEW
GA81,Epididymo-orchitis,The testicle and its tube became infected and painful,Korodani na mrija wake vilipata maambukizi na maumivu,epididymo orchitis|testicular infection,,genitourinary,false,TIER_2_GENERAL,NEEDS_CLINICAL_REVIEW
GA82,Testicular torsion,The testicle twisted and lost its blood supply,Korodani ilijisokota na kukosa damu,testicular torsion|twisted testicle,,genitourinary,false,TIER_2_GENERAL,NEEDS_CLINICAL_REVIEW
3A01,Megaloblastic anaemia,You had too few red blood cells due to low vitamin B12 or folate,Ulikuwa na chembechembe nyekundu chache kwa upungufu wa vitamini B12 au folate,megaloblastic anaemia|B12 deficiency|folate deficiency,,blood,false,TIER_2_GENERAL,NEEDS_CLINICAL_REVIEW
3A20,Sickle cell disease,You have an inherited condition that changes the shape of red blood cells,Una hali ya kurithi inayobadilisha umbo la chembechembe nyekundu za damu,sickle cell|sickle cell anaemia|selimundu,SCD,blood,false,TIER_2_GENERAL,NEEDS_CLINICAL_REVIEW
3A21,Sickle cell crisis,Sickle cell disease caused a painful episode,Selimundu ilisababisha kipindi cha maumivu makali,sickle cell crisis|painful crisis|vaso occlusive crisis,VOC,blood,false,TIER_2_GENERAL,NEEDS_CLINICAL_REVIEW
3B60,Thrombocytopenia,You had too few platelets which help blood to clot,Ulikuwa na chembe sahani chache zinazosaidia damu kuganda,thrombocytopenia|low platelets,,blood,false,TIER_2_GENERAL,NEEDS_CLINICAL_REVIEW
2C77,Cervical cancer,You have cancer of the neck of the womb,Una saratani ya mlango wa kizazi,cervical cancer|cancer of cervix|saratani ya mlango wa kizazi,CA cervix,neoplasm,false,TIER_2_GENERAL,NEEDS_CLINICAL_REVIEW
2C76,Cervical intraepithelial neoplasia,Early changes were found on the neck of the womb,Mabadiliko ya awali yalionekana kwenye mlango wa kizazi,CIN|precancerous cervix|VIA positive,CIN,neoplasm,false,TIER_2_GENERAL,NEEDS_CLINICAL_REVIEW
2C60,Breast cancer,You have cancer of the breast,Una saratani ya matiti,breast cancer|saratani ya matiti|CA breast,CA breast,neoplasm,false,TIER_2_GENERAL,NEEDS_CLINICAL_REVIEW
2C82,Prostate cancer,You have cancer of the prostate gland,Una saratani ya tezi ya kibofu,prostate cancer|CA prostate|saratani ya kibofu,CA prostate,neoplasm,false,TIER_2_GENERAL,NEEDS_CLINICAL_REVIEW
2B70,Oesophageal cancer,You have cancer of the food pipe,Una saratani ya koo la chakula,oesophageal cancer|esophageal cancer|CA oesophagus,,neoplasm,false,TIER_2_GENERAL,NEEDS_CLINICAL_REVIEW
2B5F,Kaposi sarcoma,You have a cancer that shows as dark patches on the skin,Una saratani inayojitokeza kama madoa meusi kwenye ngozi,kaposi sarcoma|KS,KS,neoplasm,false,TIER_3_RESTRICTED,NEEDS_CLINICAL_REVIEW
2B33,Non-Hodgkin lymphoma,You have a cancer of the lymph glands,Una saratani ya tezi za limfu,non hodgkin lymphoma|NHL|lymphoma,NHL,neoplasm,false,TIER_2_GENERAL,NEEDS_CLINICAL_REVIEW
2B31,Burkitt lymphoma,Your child has a fast-growing cancer of the lymph glands,Mtoto ana saratani ya tezi za limfu inayokua haraka,burkitt lymphoma|burkitt tumour,,neoplasm,false,TIER_2_GENERAL,NEEDS_CLINICAL_REVIEW
2A60,Acute leukaemia,You have a cancer of the blood-forming cells,Una saratani ya seli zinazotengeneza damu,leukaemia|acute leukaemia|blood cancer|ALL|AML,ALL|AML,neoplasm,false,TIER_2_GENERAL,NEEDS_CLINICAL_REVIEW
2C90,Retinoblastoma,Your child has a cancer inside the eye,Mtoto ana saratani ndani ya jicho,retinoblastoma|eye cancer child|white pupil,RB,neoplasm,false,TIER_2_GENERAL,NEEDS_CLINICAL_REVIEW
2E86,Uterine fibroids,You have non-cancerous growths in the womb,Una uvimbe usio wa saratani kwenye mji wa mimba,fibroids|uterine fibroids|myoma|vivimbe kwenye kizazi,,genitourinary,false,TIER_2_GENERAL,NEEDS_CLINICAL_REVIEW
6A20,Schizophrenia,You have been experiencing a condition affecting how you think and perceive,Umekuwa na hali inayoathiri jinsi unavyofikiri na kuhisi,schizophrenia|psychosis,,mental_health,false,TIER_3_RESTRICTED,NEEDS_CLINICAL_REVIEW
6A23,Acute psychotic episode,You had a period of losing touch with reality,Ulipata kipindi cha kupoteza uhalisia,acute psychosis|psychotic episode|kichaa,,mental_health,false,TIER_3_RESTRICTED,NEEDS_CLINICAL_REVIEW
6A60,Bipolar disorder,Your mood has swung between very high and very low,Hisia zako zimebadilika kati ya furaha kupita kiasi na huzuni,bipolar|bipolar disorder|manic depression,BAD,mental_health,false,TIER_3_RESTRICTED,NEEDS_CLINICAL_REVIEW
6A71,Recurrent depressive disorder,Low mood has returned more than once,Huzuni imerudi zaidi ya mara moja,recurrent depression|MDD recurrent,,mental_health,false,TIER_3_RESTRICTED,NEEDS_CLINICAL_REVIEW
6A73,Postpartum depression,You have had low mood since giving birth,Umekuwa na huzuni tangu ulipojifungua,postnatal depression|postpartum depression,PPD,mental_health,false,TIER_3_RESTRICTED,NEEDS_CLINICAL_REVIEW
6B00,Generalised anxiety disorder,You have had constant worry that is hard to control,Umekuwa na wasiwasi wa kudumu ambao ni vigumu kudhibiti,generalised anxiety|GAD|worry,GAD,mental_health,false,TIER_3_RESTRICTED,NEEDS_CLINICAL_REVIEW
6B01,Panic disorder,You have had sudden attacks of intense fear,Umepata mashambulizi ya ghafla ya hofu kubwa,panic disorder|panic attacks,,mental_health,false,TIER_3_RESTRICTED,NEEDS_CLINICAL_REVIEW
6B40,Post-traumatic stress disorder,You have had lasting distress after a frightening event,Umekuwa na msongo wa kudumu baada ya tukio la kutisha,PTSD|post traumatic stress,PTSD,mental_health,false,TIER_3_RESTRICTED,NEEDS_CLINICAL_REVIEW
6B43,Adjustment disorder,You have found it hard to cope after a difficult life change,Umepata ugumu kukabiliana na mabadiliko magumu maishani,adjustment disorder|stress reaction,,mental_health,false,TIER_3_RESTRICTED,NEEDS_CLINICAL_REVIEW
6C41,Cannabis use disorder,Cannabis use has been affecting your health,Matumizi ya bangi yameathiri afya yako,cannabis use disorder|bhang|bangi|marijuana,,mental_health,false,TIER_3_RESTRICTED,NEEDS_CLINICAL_REVIEW
6C43,Opioid use disorder,Opioid use has been affecting your health,Matumizi ya dawa za kulevya aina ya opioid yameathiri afya yako,opioid use disorder|heroin|unga,OUD,mental_health,false,TIER_3_RESTRICTED,NEEDS_CLINICAL_REVIEW
6C4A,Tobacco use disorder,Tobacco use has been affecting your health,Matumizi ya tumbaku yameathiri afya yako,smoking|tobacco dependence|nicotine,,mental_health,false,TIER_3_RESTRICTED,NEEDS_CLINICAL_REVIEW
6C40.0,Alcohol withdrawal,Your body reacted when you stopped drinking alcohol,Mwili wako uliathirika ulipoacha kunywa pombe,alcohol withdrawal|delirium tremens,DT,mental_health,false,TIER_3_RESTRICTED,NEEDS_CLINICAL_REVIEW
MB23.0,Self-harm,You harmed yourself deliberately,Ulijidhuru kwa makusudi,self harm|deliberate self harm|suicide attempt,DSH,mental_health,false,TIER_3_RESTRICTED,NEEDS_CLINICAL_REVIEW
MB26.A,Suicidal ideation,You have had thoughts of ending your life,Umekuwa na mawazo ya kujiua,suicidal thoughts|suicidal ideation|mawazo ya kujiua,,mental_health,false,TIER_3_RESTRICTED,NEEDS_CLINICAL_REVIEW
6A05,Attention deficit hyperactivity disorder,Your child finds it hard to concentrate and sit still,Mtoto anapata ugumu kuzingatia na kutulia,ADHD|hyperactivity|attention deficit,ADHD,mental_health,false,TIER_3_RESTRICTED,NEEDS_CLINICAL_REVIEW
6D80,Dementia,Your memory and thinking have been declining,Kumbukumbu na uwezo wako wa kufikiri vimekuwa vikipungua,dementia|memory loss|alzheimer,,nervous,false,TIER_3_RESTRICTED,NEEDS_CLINICAL_REVIEW
8A80.0,Febrile seizure,Your child had a fit brought on by a high fever,Mtoto alipata kifafa kilichosababishwa na homa kali,febrile convulsion|febrile seizure|fits with fever,,nervous,false,TIER_2_GENERAL,NEEDS_CLINICAL_REVIEW
8A82,Status epilepticus,A seizure lasted too long or kept repeating,Kifafa kilidumu muda mrefu au kilirudia mfululizo,status epilepticus|prolonged seizure,SE,nervous,false,TIER_2_GENERAL,NEEDS_CLINICAL_REVIEW
8A80.1,Cerebral palsy,Your child has a lasting difficulty with movement from early brain injury,Mtoto ana ugumu wa kudumu wa kutembea kutokana na jeraha la ubongo la mapema,cerebral palsy|CP,CP,nervous,false,TIER_2_GENERAL,NEEDS_CLINICAL_REVIEW
8A00,Migraine,You had severe headaches often with light sensitivity,Ulikuwa na maumivu makali ya kichwa mara nyingi ukichukia mwanga,migraine|severe headache,,nervous,false,TIER_2_GENERAL,NEEDS_CLINICAL_REVIEW
8A01,Tension-type headache,You had a tight band-like headache,Ulikuwa na maumivu ya kichwa kama ya kubanwa,tension headache|stress headache,TTH,nervous,false,TIER_2_GENERAL,NEEDS_CLINICAL_REVIEW
8B60,Peripheral neuropathy,The nerves in your hands or feet are not working properly,Neva za mikono au miguu hazifanyi kazi vizuri,peripheral neuropathy|nerve damage|numbness,,nervous,false,TIER_2_GENERAL,NEEDS_CLINICAL_REVIEW
8B61,Bell palsy,One side of your face became weak suddenly,Upande mmoja wa uso ulidhoofika ghafla,bell palsy|facial nerve palsy|facial weakness,,nervous,false,TIER_2_GENERAL,NEEDS_CLINICAL_REVIEW
8B88,Hydrocephalus,Fluid built up inside your child's head,Maji yalijikusanya ndani ya kichwa cha mtoto,hydrocephalus|water on the brain|big head,,nervous,false,TIER_2_GENERAL,NEEDS_CLINICAL_REVIEW
LA43,Cleft lip and palate,Your baby was born with a gap in the lip or roof of the mouth,Mtoto alizaliwa na mwanya kwenye mdomo au paa la kinywa,cleft lip|cleft palate|midomo sungura,,neonatal,false,TIER_2_GENERAL,NEEDS_CLINICAL_REVIEW
LA8Z,Congenital heart disease,Your baby was born with a problem in the heart,Mtoto alizaliwa na tatizo la moyo,congenital heart disease|hole in the heart|CHD|VSD,CHD|VSD,circulatory,false,TIER_2_GENERAL,NEEDS_CLINICAL_REVIEW
DB10,Appendicitis,Your appendix became inflamed and needed removal,Kidole tumbo kilivimba na kilihitaji kutolewa,appendicitis|appendix|kidole tumbo,,digestive,false,TIER_2_GENERAL,NEEDS_CLINICAL_REVIEW
DD50,Inguinal hernia,Part of your bowel pushed through a weak spot in the groin,Sehemu ya utumbo ilisukuma kwenye eneo dhaifu la kinena,inguinal hernia|hernia|ngiri,,digestive,false,TIER_2_GENERAL,NEEDS_CLINICAL_REVIEW
DD52,Strangulated hernia,A hernia trapped bowel and cut off its blood supply,Ngiri ilinasa utumbo na kukata damu,strangulated hernia|obstructed hernia,,digestive,false,TIER_2_GENERAL,NEEDS_CLINICAL_REVIEW
DD70,Intestinal obstruction,Your bowel became blocked,Utumbo wako ulizibwa,intestinal obstruction|bowel obstruction|IO,IO,digestive,false,TIER_2_GENERAL,NEEDS_CLINICAL_REVIEW
DC12,Cholecystitis,Your gallbladder became inflamed,Kibofu cha nyongo kilivimba,cholecystitis|gallbladder infection,,digestive,false,TIER_2_GENERAL,NEEDS_CLINICAL_REVIEW
DC31,Acute pancreatitis,Your pancreas became inflamed causing severe abdominal pain,Kongosho lilivimba na kusababisha maumivu makali ya tumbo,pancreatitis|acute pancreatitis,,digestive,false,TIER_2_GENERAL,NEEDS_CLINICAL_REVIEW
DB92,Liver cirrhosis,Your liver has become scarred and works less well,Ini lako limepata makovu na halifanyi kazi vizuri,cirrhosis|liver disease|chronic liver disease,CLD,digestive,false,TIER_2_GENERAL,NEEDS_CLINICAL_REVIEW
DA22,Gastro-oesophageal reflux disease,Acid from your stomach comes back up into the food pipe,Asidi ya tumbo inarudi kwenye koo la chakula,GERD|reflux|heartburn|kiungulia,GERD|GORD,digestive,false,TIER_2_GENERAL,NEEDS_CLINICAL_REVIEW
DD91,Irritable bowel syndrome,Your bowel is sensitive causing pain and changing stools,Utumbo wako ni nyeti na husababisha maumivu na kubadilika kwa choo,irritable bowel syndrome|IBS,IBS,digestive,false,TIER_2_GENERAL,NEEDS_CLINICAL_REVIEW
DD90,Constipation,You had difficulty passing stool,Ulipata ugumu wa kwenda haja kubwa,constipation|kufunga choo,,digestive,false,TIER_2_GENERAL,NEEDS_CLINICAL_REVIEW
DB60,Haemorrhoids,Swollen veins around the back passage caused pain or bleeding,Mishipa iliyovimba karibu na haja kubwa ilisababisha maumivu au damu,haemorrhoids|piles|bawasiri,,digestive,false,TIER_2_GENERAL,NEEDS_CLINICAL_REVIEW
DB35,Upper gastrointestinal bleeding,You bled from the upper part of your digestive tract,Ulivuja damu kutoka sehemu ya juu ya mfumo wa chakula,upper GI bleed|haematemesis|vomiting blood,UGIB,digestive,false,TIER_2_GENERAL,NEEDS_CLINICAL_REVIEW
DA0Z,Dental caries,You had tooth decay,Ulikuwa na meno kuoza,dental caries|tooth decay|cavity|meno kuoza,,digestive,false,TIER_2_GENERAL,NEEDS_CLINICAL_REVIEW
DA08,Dental abscess,You had a pocket of pus around a tooth,Ulikuwa na jipu lenye usaha karibu na jino,dental abscess|tooth abscess|jipu la jino,,digestive,false,TIER_2_GENERAL,NEEDS_CLINICAL_REVIEW
NB32,Head injury,You had an injury to your head,Ulipata jeraha la kichwa,head injury|traumatic brain injury|TBI,TBI,injury,false,TIER_2_GENERAL,NEEDS_CLINICAL_REVIEW
NA07,Concussion,A knock to the head briefly affected how your brain works,Pigo la kichwa liliathiri kwa muda mfupi jinsi ubongo unavyofanya kazi,concussion|mild head injury,,injury,false,TIER_2_GENERAL,NEEDS_CLINICAL_REVIEW
NB11,Fracture of forearm,You broke a bone in your forearm,Ulivunjika mfupa wa mkono wa chini,fractured forearm|broken arm|radius fracture,,injury,false,TIER_2_GENERAL,NEEDS_CLINICAL_REVIEW
NC72,Fracture of femur,You broke your thigh bone,Ulivunjika mfupa wa paja,fractured femur|broken thigh bone,,injury,false,TIER_2_GENERAL,NEEDS_CLINICAL_REVIEW
NC92,Fracture of tibia,You broke a bone in your lower leg,Ulivunjika mfupa wa mguu wa chini,fractured tibia|broken leg,,injury,false,TIER_2_GENERAL,NEEDS_CLINICAL_REVIEW
ND56,Open wound,You had a cut that broke through the skin,Ulikuwa na jeraha lililopasua ngozi,open wound|laceration|cut|jeraha wazi,,injury,false,TIER_2_GENERAL,NEEDS_CLINICAL_REVIEW
ND12,Soft tissue injury,You had bruising or a sprain without a broken bone,Ulipata michubuko au kuteguka bila mfupa kuvunjika,sprain|soft tissue injury|strain|bruise,,injury,false,TIER_2_GENERAL,NEEDS_CLINICAL_REVIEW
ND10,Dislocation of joint,A bone slipped out of its joint,Mfupa ulitoka kwenye kiungo chake,dislocation|joint dislocation,,injury,false,TIER_2_GENERAL,NEEDS_CLINICAL_REVIEW
NE2Z,Burn,You had a burn injury,Ulipata jeraha la kuungua,burn|scald|kuungua|moto,,injury,false,TIER_2_GENERAL,NEEDS_CLINICAL_REVIEW
NE60,Snake bite,You were bitten by a snake,Uliumwa na nyoka,snake bite|snakebite|kuumwa na nyoka,,injury,false,TIER_1_EMERGENCY,NEEDS_CLINICAL_REVIEW
NE62,Dog bite,You were bitten by a dog,Uliumwa na mbwa,dog bite|animal bite|kuumwa na mbwa,,injury,false,TIER_2_GENERAL,NEEDS_CLINICAL_REVIEW
NE80,Poisoning,You were harmed by swallowing or absorbing a harmful substance,Ulidhurika kwa kumeza au kunyonya kitu chenye sumu,poisoning|overdose|sumu,,injury,false,TIER_2_GENERAL,NEEDS_CLINICAL_REVIEW
NE81,Organophosphate poisoning,You were poisoned by a farm pesticide,Ulipata sumu ya dawa ya wadudu ya shambani,organophosphate poisoning|pesticide poisoning|OP poisoning,OP,injury,false,TIER_2_GENERAL,NEEDS_CLINICAL_REVIEW
NE82,Paracetamol overdose,You took too much paracetamol,Ulitumia paracetamol nyingi kupita kiasi,paracetamol overdose|panadol overdose,,injury,false,TIER_2_GENERAL,NEEDS_CLINICAL_REVIEW
NE83,Kerosene ingestion,Your child swallowed paraffin,Mtoto alimeza mafuta ya taa,kerosene ingestion|paraffin poisoning|mafuta ya taa,,injury,false,TIER_2_GENERAL,NEEDS_CLINICAL_REVIEW
NE85,Foreign body aspiration,Something was breathed into your airway,Kitu kiliingia kwenye njia ya hewa,foreign body|choking|aspiration,FB,injury,false,TIER_2_GENERAL,NEEDS_CLINICAL_REVIEW
NE90,Assault,You were injured when someone attacked you,Ulijeruhiwa wakati mtu alipokushambulia,assault|physical attack|beaten,,injury,false,TIER_3_RESTRICTED,NEEDS_CLINICAL_REVIEW
NE91,Fall,You were injured in a fall,Ulijeruhiwa kwa kuanguka,fall|kuanguka,,injury,false,TIER_2_GENERAL,NEEDS_CLINICAL_REVIEW
NF0Z,Boda boda injury,You were injured in a motorcycle accident,Ulijeruhiwa katika ajali ya pikipiki,boda boda|motorcycle accident|pikipiki accident,,injury,false,TIER_2_GENERAL,NEEDS_CLINICAL_REVIEW
4A85,Anaphylaxis,You had a severe life-threatening allergic reaction,Ulipata mzio mkali unaohatarisha maisha,anaphylaxis|severe allergic reaction|anaphylactic shock,,immune,false,TIER_1_EMERGENCY,NEEDS_CLINICAL_REVIEW
4A84,Drug allergy,You had an allergic reaction to a medicine,Ulipata mzio kutokana na dawa,drug allergy|medicine reaction|penicillin allergy,,immune,false,TIER_1_EMERGENCY,NEEDS_CLINICAL_REVIEW
4A83,Food allergy,You had an allergic reaction to a food,Ulipata mzio kutokana na chakula,food allergy|mzio wa chakula,,immune,false,TIER_1_EMERGENCY,NEEDS_CLINICAL_REVIEW
EB00,Urticaria,You had an itchy raised rash that came on quickly,Ulipata upele uliovimba na kuwasha ulioanza haraka,urticaria|hives|nettle rash,,skin,false,TIER_2_GENERAL,NEEDS_CLINICAL_REVIEW
EB01,Angioedema,Deep swelling appeared on your face or lips,Uvimbe wa kina ulijitokeza usoni au midomoni,angioedema|facial swelling,,immune,false,TIER_1_EMERGENCY,NEEDS_CLINICAL_REVIEW
CA08,Allergic rhinitis,Your nose reacted to something in the air causing sneezing,Pua yako iliathiriwa na kitu hewani na kusababisha kupiga chafya,allergic rhinitis|hay fever|nose allergy,AR,respiratory,false,TIER_2_GENERAL,NEEDS_CLINICAL_REVIEW
EA81,Atopic dermatitis,You had a long-term itchy skin condition,Ulikuwa na hali ya muda mrefu ya ngozi kuwasha,eczema|atopic dermatitis|atopic eczema,,skin,false,TIER_2_GENERAL,NEEDS_CLINICAL_REVIEW
ED80,Acne,You had spots and pimples on your skin,Ulikuwa na chunusi kwenye ngozi,acne|pimples|chunusi,,skin,false,TIER_2_GENERAL,NEEDS_CLINICAL_REVIEW
EH70,Chronic leg ulcer,You had a wound on the leg that has not healed,Ulikuwa na kidonda mguuni ambacho hakijapona,leg ulcer|chronic wound|kidonda sugu,,skin,false,TIER_2_GENERAL,NEEDS_CLINICAL_REVIEW
EK50,Jiggers,Sand fleas burrowed into the skin of your feet,Funza waliingia kwenye ngozi ya miguu yako,jiggers|tunga penetrans|funza,,skin,false,TIER_2_GENERAL,NEEDS_CLINICAL_REVIEW
9B71,Refractive error,Your eyes do not focus light properly so vision is blurred,Macho yako hayaelekezi mwanga vizuri hivyo kuona ni kwa ukungu,refractive error|short sight|long sight|need glasses,,eye,false,TIER_2_GENERAL,NEEDS_CLINICAL_REVIEW
9C61,Glaucoma,Pressure inside your eye is damaging the nerve of sight,Shinikizo ndani ya jicho linaharibu neva ya kuona,glaucoma|eye pressure,,eye,false,TIER_2_GENERAL,NEEDS_CLINICAL_REVIEW
AA60,Impacted ear wax,Wax blocked your ear canal,Nta iliziba mfereji wa sikio,ear wax|impacted cerumen|nta ya sikio,,ear,false,TIER_2_GENERAL,NEEDS_CLINICAL_REVIEW
AA02,Otitis externa,The outer canal of your ear became infected,Mfereji wa nje wa sikio ulipata maambukizi,otitis externa|swimmer's ear|outer ear infection,OE,ear,false,TIER_2_GENERAL,NEEDS_CLINICAL_REVIEW
AB30,Hearing loss,You have lost some or all of your hearing,Umepoteza sehemu au uwezo wote wa kusikia,hearing loss|deafness|uziwi,,ear,false,TIER_2_GENERAL,NEEDS_CLINICAL_REVIEW
AB32,Vertigo,You felt the room spinning around you,Ulihisi chumba kikizunguka,vertigo|dizziness|kizunguzungu,,ear,false,TIER_2_GENERAL,NEEDS_CLINICAL_REVIEW
FA01,Osteoarthritis of knee,The joints in your knee are worn causing pain,Viungo vya goti vimechakaa na kusababisha maumivu,knee osteoarthritis|knee pain,,musculoskeletal,false,TIER_2_GENERAL,NEEDS_CLINICAL_REVIEW
FA80,Lumbar disc prolapse,A cushion in your spine pressed on a nerve,Mto wa uti wa mgongo ulibana neva,slipped disc|disc prolapse|sciatica,PID disc,musculoskeletal,false,TIER_2_GENERAL,NEEDS_CLINICAL_REVIEW
FA24,Systemic lupus erythematosus,Your immune system has been attacking your own body,Kinga ya mwili imekuwa ikishambulia mwili wako,lupus|SLE,SLE,immune,false,TIER_2_GENERAL,NEEDS_CLINICAL_REVIEW
MG30.0,Fever in a child under five,Your young child had a fever needing assessment,Mtoto mdogo alikuwa na homa iliyohitaji uchunguzi,fever in child|homa ya mtoto,,general,false,TIER_2_GENERAL,NEEDS_CLINICAL_REVIEW
MG43,Abdominal pain,You had pain in your abdomen,Ulikuwa na maumivu ya tumbo,abdominal pain|stomach pain|tumbo kuuma,,digestive,false,TIER_2_GENERAL,NEEDS_CLINICAL_REVIEW
MD81,Chest pain,You had pain in your chest,Ulikuwa na maumivu ya kifua,chest pain|kifua kuuma,,circulatory,false,TIER_2_GENERAL,NEEDS_CLINICAL_REVIEW
MD11.1,Dizziness,You felt light-headed or unsteady,Ulihisi kizunguzungu au kuyumbayumba,dizziness|light headed|kizunguzungu,,nervous,false,TIER_2_GENERAL,NEEDS_CLINICAL_REVIEW
MG26,Fatigue,You have been feeling unusually tired,Umekuwa ukihisi uchovu usio wa kawaida,fatigue|tiredness|uchovu|weakness,,general,false,TIER_2_GENERAL,NEEDS_CLINICAL_REVIEW
MD12,Chronic cough,You have had a cough lasting more than two weeks,Umekuwa na kikohozi cha zaidi ya wiki mbili,chronic cough|persistent cough|kikohozi cha muda mrefu,,respiratory,false,TIER_2_GENERAL,NEEDS_CLINICAL_REVIEW
MD13,Haemoptysis,You coughed up blood,Ulikohoa damu,coughing blood|haemoptysis|kukohoa damu,,respiratory,false,TIER_2_GENERAL,NEEDS_CLINICAL_REVIEW
ME05,Jaundice,Your skin and eyes turned yellow,Ngozi na macho yako yaligeuka njano,jaundice|yellow eyes|homa ya manjano,,digestive,false,TIER_2_GENERAL,NEEDS_CLINICAL_REVIEW
MG27,Dehydration,Your body lost too much fluid,Mwili wako ulipoteza maji mengi,dehydration|fluid loss|upungufu wa maji mwilini,,general,false,TIER_2_GENERAL,NEEDS_CLINICAL_REVIEW
QB95,Follow-up visit,You came back for review of an existing condition,Ulirudi kwa ufuatiliaji wa hali iliyopo,follow up|review visit|TCA,TCA,general,false,TIER_2_GENERAL,NEEDS_CLINICAL_REVIEW
QB96,Medication refill,You came to collect a repeat supply of your medicine,Ulikuja kuchukua dawa zako za kuendelea,refill|repeat prescription|drug refill,,general,false,TIER_2_GENERAL,NEEDS_CLINICAL_REVIEW
