county_code,subcounty_name,kind
001,Changamwe,HEALTH_ADMIN
001,Jomvu,HEALTH_ADMIN
001,Kisauni,HEALTH_ADMIN
001,Likoni,HEALTH_ADMIN
001,Mvita,HEALTH_ADMIN
001,Nyali,HEALTH_ADMIN
002,Kinango,HEALTH_ADMIN
002,Lunga Lunga,HEALTH_ADMIN
002,Matuga,HEALTH_ADMIN
002,Msambweni,HEALTH_ADMIN
003,Ganze,HEALTH_ADMIN
003,Kaloleni,HEALTH_ADMIN
003,Kilifi North,HEALTH_ADMIN
003,Kilifi South,HEALTH_ADMIN
003,Magarini,HEALTH_ADMIN
003,Malindi,HEALTH_ADMIN
003,Rabai,HEALTH_ADMIN
004,Bura,HEALTH_ADMIN
004,Galole,HEALTH_ADMIN
004,Garsen,HEALTH_ADMIN
005,Lamu East,HEALTH_ADMIN
005,Lamu West,HEALTH_ADMIN
006,Mwatate,HEALTH_ADMIN
006,Taveta,HEALTH_ADMIN
006,Voi,HEALTH_ADMIN
006,Wundanyi,HEALTH_ADMIN
007,Balambala,HEALTH_ADMIN
007,Dadaab,HEALTH_ADMIN
007,Fafi,HEALTH_ADMIN
007,Garissa Township,HEALTH_ADMIN
007,Hulugho,HEALTH_ADMIN
007,Ijara,HEALTH_ADMIN
007,Lagdera,HEALTH_ADMIN
008,Eldas,HEALTH_ADMIN
008,Tarbaj,HEALTH_ADMIN
008,Wajir East,HEALTH_ADMIN
008,Wajir North,HEALTH_ADMIN
008,Wajir South,HEALTH_ADMIN
008,Wajir West,HEALTH_ADMIN
009,Banissa,HEALTH_ADMIN
009,Lafey,HEALTH_ADMIN
009,Mandera East,HEALTH_ADMIN
009,Mandera North,HEALTH_ADMIN
009,Mandera South,HEALTH_ADMIN
009,Mandera West,HEALTH_ADMIN
010,Laisamis,HEALTH_ADMIN
010,Moyale,HEALTH_ADMIN
010,North Horr,HEALTH_ADMIN
010,Saku,HEALTH_ADMIN
011,Isiolo North,HEALTH_ADMIN
011,Isiolo South,HEALTH_ADMIN
012,Buuri,HEALTH_ADMIN
012,Igembe Central,HEALTH_ADMIN
012,Igembe North,HEALTH_ADMIN
012,Igembe South,HEALTH_ADMIN
012,Imenti Central,HEALTH_ADMIN
012,Imenti North,HEALTH_ADMIN
012,Imenti South,HEALTH_ADMIN
012,Tigania East,HEALTH_ADMIN
012,Tigania West,HEALTH_ADMIN
013,Chuka Igambang'ombe,HEALTH_ADMIN
013,Maara,HEALTH_ADMIN
013,Tharaka,HEALTH_ADMIN
014,Manyatta,HEALTH_ADMIN
014,Mbeere North,HEALTH_ADMIN
014,Mbeere South,HEALTH_ADMIN
014,Runyenjes,HEALTH_ADMIN
015,Kitui Central,HEALTH_ADMIN
015,Kitui East,HEALTH_ADMIN
015,Kitui Rural,HEALTH_ADMIN
015,Kitui South,HEALTH_ADMIN
015,Kitui West,HEALTH_ADMIN
015,Mwingi Central,HEALTH_ADMIN
015,Mwingi North,HEALTH_ADMIN
015,Mwingi West,HEALTH_ADMIN
016,Kangundo,HEALTH_ADMIN
016,Kathiani,HEALTH_ADMIN
016,Machakos Town,HEALTH_ADMIN
016,Masinga,HEALTH_ADMIN
016,Matungulu,HEALTH_ADMIN
016,Mavoko,HEALTH_ADMIN
016,Mwala,HEALTH_ADMIN
016,Yatta,HEALTH_ADMIN
017,Kaiti,HEALTH_ADMIN
017,Kibwezi East,HEALTH_ADMIN
017,Kibwezi West,HEALTH_ADMIN
017,Kilome,HEALTH_ADMIN
017,Makueni,HEALTH_ADMIN
017,Mbooni,HEALTH_ADMIN
018,Kinangop,HEALTH_ADMIN
018,Kipipiri,HEALTH_ADMIN
018,Ndaragwa,HEALTH_ADMIN
018,Ol Jorok,HEALTH_ADMIN
018,Ol Kalou,HEALTH_ADMIN
019,Kieni,HEALTH_ADMIN
019,Mathira,HEALTH_ADMIN
019,Mukurweini,HEALTH_ADMIN
019,Nyeri Town,HEALTH_ADMIN
019,Othaya,HEALTH_ADMIN
019,Tetu,HEALTH_ADMIN
020,Gichugu,HEALTH_ADMIN
020,Kirinyaga Central,HEALTH_ADMIN
020,Mwea,HEALTH_ADMIN
020,Ndia,HEALTH_ADMIN
021,Gatanga,HEALTH_ADMIN
021,Kahuro,HEALTH_ADMIN
021,Kandara,HEALTH_ADMIN
021,Kangema,HEALTH_ADMIN
021,Kigumo,HEALTH_ADMIN
021,Kiharu,HEALTH_ADMIN
021,Maragua,HEALTH_ADMIN
021,Mathioya,HEALTH_ADMIN
022,Gatundu North,HEALTH_ADMIN
022,Gatundu South,HEALTH_ADMIN
022,Githunguri,HEALTH_ADMIN
022,Juja,HEALTH_ADMIN
022,Kabete,HEALTH_ADMIN
022,Kiambaa,HEALTH_ADMIN
022,Kiambu,HEALTH_ADMIN
022,Kikuyu,HEALTH_ADMIN
022,Lari,HEALTH_ADMIN
022,Limuru,HEALTH_ADMIN
022,Ruiru,HEALTH_ADMIN
022,Thika Town,HEALTH_ADMIN
023,Loima,HEALTH_ADMIN
023,Turkana Central,HEALTH_ADMIN
023,Turkana East,HEALTH_ADMIN
023,Turkana North,HEALTH_ADMIN
023,Turkana South,HEALTH_ADMIN
023,Turkana West,HEALTH_ADMIN
024,Kacheliba,HEALTH_ADMIN
024,Kapenguria,HEALTH_ADMIN
024,Pokot South,HEALTH_ADMIN
024,Sigor,HEALTH_ADMIN
025,Samburu East,HEALTH_ADMIN
025,Samburu North,HEALTH_ADMIN
025,Samburu West,HEALTH_ADMIN
026,Cherangany,HEALTH_ADMIN
026,Endebess,HEALTH_ADMIN
026,Kiminini,HEALTH_ADMIN
026,Kwanza,HEALTH_ADMIN
026,Saboti,HEALTH_ADMIN
027,Ainabkoi,HEALTH_ADMIN
027,Kapseret,HEALTH_ADMIN
027,Kesses,HEALTH_ADMIN
027,Moiben,HEALTH_ADMIN
027,Soy,HEALTH_ADMIN
027,Turbo,HEALTH_ADMIN
028,Keiyo North,HEALTH_ADMIN
028,Keiyo South,HEALTH_ADMIN
028,Marakwet East,HEALTH_ADMIN
028,Marakwet West,HEALTH_ADMIN
029,Aldai,HEALTH_ADMIN
029,Chesumei,HEALTH_ADMIN
029,Emgwen,HEALTH_ADMIN
029,Mosop,HEALTH_ADMIN
029,Nandi Hills,HEALTH_ADMIN
029,Tinderet,HEALTH_ADMIN
030,Baringo Central,HEALTH_ADMIN
030,Baringo North,HEALTH_ADMIN
030,Baringo South,HEALTH_ADMIN
030,Eldama Ravine,HEALTH_ADMIN
030,Mogotio,HEALTH_ADMIN
030,Tiaty,HEALTH_ADMIN
031,Laikipia East,HEALTH_ADMIN
031,Laikipia North,HEALTH_ADMIN
031,Laikipia West,HEALTH_ADMIN
032,Bahati,HEALTH_ADMIN
032,Gilgil,HEALTH_ADMIN
032,Kuresoi North,HEALTH_ADMIN
032,Kuresoi South,HEALTH_ADMIN
032,Molo,HEALTH_ADMIN
032,Naivasha,HEALTH_ADMIN
032,Nakuru Town East,HEALTH_ADMIN
032,Nakuru Town West,HEALTH_ADMIN
032,Njoro,HEALTH_ADMIN
032,Rongai,HEALTH_ADMIN
032,Subukia,HEALTH_ADMIN
033,Emurua Dikirr,HEALTH_ADMIN
033,Kilgoris,HEALTH_ADMIN
033,Narok East,HEALTH_ADMIN
033,Narok North,HEALTH_ADMIN
033,Narok South,HEALTH_ADMIN
033,Narok West,HEALTH_ADMIN
034,Kajiado Central,HEALTH_ADMIN
034,Kajiado East,HEALTH_ADMIN
034,Kajiado North,HEALTH_ADMIN
034,Kajiado South,HEALTH_ADMIN
034,Kajiado West,HEALTH_ADMIN
035,Ainamoi,HEALTH_ADMIN
035,Belgut,HEALTH_ADMIN
035,Bureti,HEALTH_ADMIN
035,Kipkelion East,HEALTH_ADMIN
035,Kipkelion West,HEALTH_ADMIN
035,Sigowet Soin,HEALTH_ADMIN
036,Bomet Central,HEALTH_ADMIN
036,Bomet East,HEALTH_ADMIN
036,Chepalungu,HEALTH_ADMIN
036,Konoin,HEALTH_ADMIN
036,Sotik,HEALTH_ADMIN
037,Butere,HEALTH_ADMIN
037,Ikolomani,HEALTH_ADMIN
037,Khwisero,HEALTH_ADMIN
037,Likuyani,HEALTH_ADMIN
037,Lugari,HEALTH_ADMIN
037,Lurambi,HEALTH_ADMIN
037,Malava,HEALTH_ADMIN
037,Matungu,HEALTH_ADMIN
037,Mumias East,HEALTH_ADMIN
037,Mumias West,HEALTH_ADMIN
037,Navakholo,HEALTH_ADMIN
037,Shinyalu,HEALTH_ADMIN
038,Emuhaya,HEALTH_ADMIN
038,Hamisi,HEALTH_ADMIN
038,Luanda,HEALTH_ADMIN
038,Sabatia,HEALTH_ADMIN
038,Vihiga,HEALTH_ADMIN
039,Bumula,HEALTH_ADMIN
039,Kabuchai,HEALTH_ADMIN
039,Kanduyi,HEALTH_ADMIN
039,Kimilili,HEALTH_ADMIN
039,Mt Elgon,HEALTH_ADMIN
039,Sirisia,HEALTH_ADMIN
039,Tongaren,HEALTH_ADMIN
039,Webuye East,HEALTH_ADMIN
039,Webuye West,HEALTH_ADMIN
040,Budalangi,HEALTH_ADMIN
040,Butula,HEALTH_ADMIN
040,Funyula,HEALTH_ADMIN
040,Matayos,HEALTH_ADMIN
040,Nambale,HEALTH_ADMIN
040,Teso North,HEALTH_ADMIN
040,Teso South,HEALTH_ADMIN
041,Alego Usonga,HEALTH_ADMIN
041,Bondo,HEALTH_ADMIN
041,Gem,HEALTH_ADMIN
041,Rarieda,HEALTH_ADMIN
041,Ugenya,HEALTH_ADMIN
041,Ugunja,HEALTH_ADMIN
042,Kisumu Central,HEALTH_ADMIN
042,Kisumu East,HEALTH_ADMIN
042,Kisumu West,HEALTH_ADMIN
042,Muhoroni,HEALTH_ADMIN
042,Nyakach,HEALTH_ADMIN
042,Nyando,HEALTH_ADMIN
042,Seme,HEALTH_ADMIN
043,Homa Bay Town,HEALTH_ADMIN
043,Kabondo Kasipul,HEALTH_ADMIN
043,Karachuonyo,HEALTH_ADMIN
043,Kasipul,HEALTH_ADMIN
043,Ndhiwa,HEALTH_ADMIN
043,Rangwe,HEALTH_ADMIN
043,Suba North,HEALTH_ADMIN
043,Suba South,HEALTH_ADMIN
044,Awendo,HEALTH_ADMIN
044,Kuria East,HEALTH_ADMIN
044,Kuria West,HEALTH_ADMIN
044,Nyatike,HEALTH_ADMIN
044,Rongo,HEALTH_ADMIN
044,Suna East,HEALTH_ADMIN
044,Suna West,HEALTH_ADMIN
044,Uriri,HEALTH_ADMIN
045,Bobasi,HEALTH_ADMIN
045,Bomachoge Borabu,HEALTH_ADMIN
045,Bomachoge Chache,HEALTH_ADMIN
045,Bonchari,HEALTH_ADMIN
045,Kitutu Chache North,HEALTH_ADMIN
045,Kitutu Chache South,HEALTH_ADMIN
045,Nyaribari Chache,HEALTH_ADMIN
045,Nyaribari Masaba,HEALTH_ADMIN
045,South Mugirango,HEALTH_ADMIN
046,Borabu,HEALTH_ADMIN
046,Manga,HEALTH_ADMIN
046,Masaba North,HEALTH_ADMIN
046,Nyamira North,HEALTH_ADMIN
046,Nyamira South,HEALTH_ADMIN
047,Dagoretti North,HEALTH_ADMIN
047,Dagoretti South,HEALTH_ADMIN
047,Embakasi Central,HEALTH_ADMIN
047,Embakasi East,HEALTH_ADMIN
047,Embakasi North,HEALTH_ADMIN
047,Embakasi South,HEALTH_ADMIN
047,Embakasi West,HEALTH_ADMIN
047,Kamukunji,HEALTH_ADMIN
047,Kasarani,HEALTH_ADMIN
047,Kibra,HEALTH_ADMIN
047,Langata,HEALTH_ADMIN
047,Makadara,HEALTH_ADMIN
047,Mathare,HEALTH_ADMIN
047,Roysambu,HEALTH_ADMIN
047,Ruaraka,HEALTH_ADMIN
047,Starehe,HEALTH_ADMIN
047,Westlands,HEALTH_ADMIN
